13678557;10676;4683;11364;1900-01-01 00:00:00.000000;9999-09-09 23:59:59.999999;06.06.2022 18:32;06.06.2022;09.09.9999;2022-06-06 00:00:00.000000;9999-09-09 23:59:59.999999;0;100;idmref_cosma_200_07_tx_flight_seg;240;NULL;NULL
18770730;2794;8401;2083;1900-01-01 00:00:00.000000;9999-09-09 23:59:59.999999;06.06.2022 18:32;06.06.2022;09.09.9999;2022-06-06 00:00:00.000000;9999-09-09 23:59:59.999999;0;100;idmref_cosma_200_07_tx_flight_seg;240;NULL;NULL
18770790;485347;8401;852;1900-01-01 00:00:00.000000;9999-09-09 23:59:59.999999;07.06.2022 05:42;07.06.2022;09.09.9999;2022-06-07 00:00:00.000000;9999-09-09 23:59:59.999999;0;100;idmref_cosma_200_07_tx_flight_seg;242;NULL;NULL
18770850;161637;5521;5985;1900-01-01 00:00:00.000000;9999-09-09 23:59:59.999999;07.06.2022 05:42;07.06.2022;09.09.9999;2022-06-07 00:00:00.000000;9999-09-09 23:59:59.999999;0;100;idmref_cosma_200_07_tx_flight_seg;242;NULL;NULL
18770910;385686;9410;6743;1900-01-01 00:00:00.000000;9999-09-09 23:59:59.999999;07.06.2022 05:42;07.06.2022;09.09.9999;2022-06-07 00:00:00.000000;9999-09-09 23:59:59.999999;0;100;idmref_cosma_200_07_tx_flight_seg;242;NULL;NULL
18770970;994401;8401;4661;1900-01-01 00:00:00.000000;9999-09-09 23:59:59.999999;07.06.2022 05:42;07.06.2022;09.09.9999;2022-06-07 00:00:00.000000;9999-09-09 23:59:59.999999;0;100;idmref_cosma_200_07_tx_flight_seg;242;NULL;NULL
18772507;10898;9410;3054;1900-01-01 00:00:00.000000;9999-09-09 23:59:59.999999;06.06.2022 18:32;06.06.2022;09.09.9999;2022-06-06 00:00:00.000000;9999-09-09 23:59:59.999999;0;100;idmref_cosma_200_07_tx_flight_seg;240;NULL;NULL
18772567;47548;10953;10753;1900-01-01 00:00:00.000000;9999-09-09 23:59:59.999999;06.06.2022 18:32;06.06.2022;09.09.9999;2022-06-06 00:00:00.000000;9999-09-09 23:59:59.999999;0;100;idmref_cosma_200_07_tx_flight_seg;240;NULL;NULL
18772627;232324;3624;3023;1900-01-01 00:00:00.000000;9999-09-09 23:59:59.999999;06.06.2022 18:32;06.06.2022;09.09.9999;2022-06-06 00:00:00.000000;9999-09-09 23:59:59.999999;0;100;idmref_cosma_200_07_tx_flight_seg;240;NULL;NULL
18773346;517845;6750;8401;1900-01-01 00:00:00.000000;9999-09-09 23:59:59.999999;06.06.2022 18:32;06.06.2022;09.09.9999;2022-06-06 00:00:00.000000;9999-09-09 23:59:59.999999;0;100;idmref_cosma_200_07_tx_flight_seg;240;NULL;NULL
18773377;173368;677;2568;1900-01-01 00:00:00.000000;9999-09-09 23:59:59.999999;06.06.2022 18:32;06.06.2022;09.09.9999;2022-06-06 00:00:00.000000;9999-09-09 23:59:59.999999;0;100;idmref_cosma_200_07_tx_flight_seg;240;NULL;NULL
18773437;11570;6743;4661;1900-01-01 00:00:00.000000;9999-09-09 23:59:59.999999;07.06.2022 05:42;07.06.2022;09.09.9999;2022-06-07 00:00:00.000000;9999-09-09 23:59:59.999999;0;100;idmref_cosma_200_07_tx_flight_seg;242;NULL;NULL
18773570;111790;8401;2512;1900-01-01 00:00:00.000000;9999-09-09 23:59:59.999999;06.06.2022 18:32;06.06.2022;09.09.9999;2022-06-06 00:00:00.000000;9999-09-09 23:59:59.999999;0;100;idmref_cosma_200_07_tx_flight_seg;240;NULL;NULL
18773630;14586;5521;4784;1900-01-01 00:00:00.000000;9999-09-09 23:59:59.999999;06.06.2022 18:32;06.06.2022;09.09.9999;2022-06-06 00:00:00.000000;9999-09-09 23:59:59.999999;0;100;idmref_cosma_200_07_tx_flight_seg;240;NULL;NULL
18773690;10898;3054;4147;1900-01-01 00:00:00.000000;9999-09-09 23:59:59.999999;06.06.2022 18:32;06.06.2022;09.09.9999;2022-06-06 00:00:00.000000;9999-09-09 23:59:59.999999;0;100;idmref_cosma_200_07_tx_flight_seg;240;NULL;NULL
18773750;156656;5521;6743;1900-01-01 00:00:00.000000;9999-09-09 23:59:59.999999;07.06.2022 05:42;07.06.2022;09.09.9999;2022-06-07 00:00:00.000000;9999-09-09 23:59:59.999999;0;100;idmref_cosma_200_07_tx_flight_seg;242;NULL;NULL
18773810;518981;1001;2162;1900-01-01 00:00:00.000000;9999-09-09 23:59:59.999999;07.06.2022 05:42;07.06.2022;09.09.9999;2022-06-07 00:00:00.000000;9999-09-09 23:59:59.999999;0;100;idmref_cosma_200_07_tx_flight_seg;242;NULL;NULL
18774023;930988;11364;917;1900-01-01 00:00:00.000000;9999-09-09 23:59:59.999999;06.06.2022 18:32;06.06.2022;09.09.9999;2022-06-06 00:00:00.000000;9999-09-09 23:59:59.999999;0;100;idmref_cosma_200_07_tx_flight_seg;240;NULL;NULL
18774083;111804;2934;9494;1900-01-01 00:00:00.000000;9999-09-09 23:59:59.999999;06.06.2022 18:32;06.06.2022;09.09.9999;2022-06-06 00:00:00.000000;9999-09-09 23:59:59.999999;0;100;idmref_cosma_200_07_tx_flight_seg;240;NULL;NULL
18774143;840926;2995;11364;1900-01-01 00:00:00.000000;9999-09-09 23:59:59.999999;06.06.2022 18:32;06.06.2022;09.09.9999;2022-06-06 00:00:00.000000;9999-09-09 23:59:59.999999;0;100;idmref_cosma_200_07_tx_flight_seg;240;NULL;NULL
18774203;993878;8401;5985;1900-01-01 00:00:00.000000;9999-09-09 23:59:59.999999;07.06.2022 05:42;07.06.2022;09.09.9999;2022-06-07 00:00:00.000000;9999-09-09 23:59:59.999999;0;100;idmref_cosma_200_07_tx_flight_seg;242;NULL;NULL
18774759;156659;5521;8401;1900-01-01 00:00:00.000000;9999-09-09 23:59:59.999999;06.06.2022 18:32;06.06.2022;09.09.9999;2022-06-06 00:00:00.000000;9999-09-09 23:59:59.999999;0;100;idmref_cosma_200_07_tx_flight_seg;240;NULL;NULL
18774819;2390;5521;4784;1900-01-01 00:00:00.000000;9999-09-09 23:59:59.999999;06.06.2022 18:32;06.06.2022;09.09.9999;2022-06-06 00:00:00.000000;9999-09-09 23:59:59.999999;0;100;idmref_cosma_200_07_tx_flight_seg;240;NULL;NULL
18774879;264998;5521;5985;1900-01-01 00:00:00.000000;9999-09-09 23:59:59.999999;07.06.2022 05:42;07.06.2022;09.09.9999;2022-06-07 00:00:00.000000;9999-09-09 23:59:59.999999;0;100;idmref_cosma_200_07_tx_flight_seg;242;NULL;NULL
18774939;219759;9410;9410;1900-01-01 00:00:00.000000;9999-09-09 23:59:59.999999;07.06.2022 05:42;07.06.2022;09.09.9999;2022-06-07 00:00:00.000000;9999-09-09 23:59:59.999999;0;100;idmref_cosma_200_07_tx_flight_seg;242;NULL;NULL
18775174;5771;2568;3624;1900-01-01 00:00:00.000000;9999-09-09 23:59:59.999999;06.06.2022 18:32;06.06.2022;09.09.9999;2022-06-06 00:00:00.000000;9999-09-09 23:59:59.999999;0;100;idmref_cosma_200_07_tx_flight_seg;240;NULL;NULL
18775234;417425;8141;4683;1900-01-01 00:00:00.000000;9999-09-09 23:59:59.999999;06.06.2022 18:32;06.06.2022;09.09.9999;2022-06-06 00:00:00.000000;9999-09-09 23:59:59.999999;0;100;idmref_cosma_200_07_tx_flight_seg;240;NULL;NULL
18775556;945551;2083;1363;1900-01-01 00:00:00.000000;9999-09-09 23:59:59.999999;06.06.2022 18:32;06.06.2022;09.09.9999;2022-06-06 00:00:00.000000;9999-09-09 23:59:59.999999;0;100;idmref_cosma_200_07_tx_flight_seg;240;NULL;NULL
18775565;47821;10901;10873;1900-01-01 00:00:00.000000;9999-09-09 23:59:59.999999;06.06.2022 18:32;06.06.2022;09.09.9999;2022-06-06 00:00:00.000000;9999-09-09 23:59:59.999999;0;100;idmref_cosma_200_07_tx_flight_seg;240;NULL;NULL
18775625;804613;11364;4566;1900-01-01 00:00:00.000000;9999-09-09 23:59:59.999999;07.06.2022 05:42;07.06.2022;09.09.9999;2022-06-07 00:00:00.000000;9999-09-09 23:59:59.999999;0;100;idmref_cosma_200_07_tx_flight_seg;242;NULL;NULL
18776591;791042;5521;8401;1900-01-01 00:00:00.000000;9999-09-09 23:59:59.999999;06.06.2022 18:32;06.06.2022;09.09.9999;2022-06-06 00:00:00.000000;9999-09-09 23:59:59.999999;0;100;idmref_cosma_200_07_tx_flight_seg;240;NULL;NULL
18776651;928089;4322;4322;1900-01-01 00:00:00.000000;9999-09-09 23:59:59.999999;06.06.2022 18:32;06.06.2022;09.09.9999;2022-06-06 00:00:00.000000;9999-09-09 23:59:59.999999;0;100;idmref_cosma_200_07_tx_flight_seg;240;NULL;NULL
18776711;783628;11364;932;1900-01-01 00:00:00.000000;9999-09-09 23:59:59.999999;06.06.2022 18:32;06.06.2022;09.09.9999;2022-06-06 00:00:00.000000;9999-09-09 23:59:59.999999;0;100;idmref_cosma_200_07_tx_flight_seg;240;NULL;NULL
18776777;928090;1363;4322;1900-01-01 00:00:00.000000;9999-09-09 23:59:59.999999;06.06.2022 18:32;06.06.2022;09.09.9999;2022-06-06 00:00:00.000000;9999-09-09 23:59:59.999999;0;100;idmref_cosma_200_07_tx_flight_seg;240;NULL;NULL
18777313;14586;4784;4325;1900-01-01 00:00:00.000000;9999-09-09 23:59:59.999999;06.06.2022 18:32;06.06.2022;09.09.9999;2022-06-06 00:00:00.000000;9999-09-09 23:59:59.999999;0;100;idmref_cosma_200_07_tx_flight_seg;240;NULL;NULL
18777420;47551;10753;10953;1900-01-01 00:00:00.000000;9999-09-09 23:59:59.999999;06.06.2022 18:32;06.06.2022;09.09.9999;2022-06-06 00:00:00.000000;9999-09-09 23:59:59.999999;0;100;idmref_cosma_200_07_tx_flight_seg;240;NULL;NULL
18777633;964954;2568;2616;1900-01-01 00:00:00.000000;9999-09-09 23:59:59.999999;06.06.2022 18:32;06.06.2022;09.09.9999;2022-06-06 00:00:00.000000;9999-09-09 23:59:59.999999;0;100;idmref_cosma_200_07_tx_flight_seg;240;NULL;NULL
18777652;3293;5985;3835;1900-01-01 00:00:00.000000;9999-09-09 23:59:59.999999;07.06.2022 05:42;07.06.2022;09.09.9999;2022-06-07 00:00:00.000000;9999-09-09 23:59:59.999999;0;100;idmref_cosma_200_07_tx_flight_seg;242;NULL;NULL
18777693;2794;5521;8401;1900-01-01 00:00:00.000000;9999-09-09 23:59:59.999999;06.06.2022 18:32;06.06.2022;09.09.9999;2022-06-06 00:00:00.000000;9999-09-09 23:59:59.999999;0;100;idmref_cosma_200_07_tx_flight_seg;240;NULL;NULL
18777712;6535;5521;2568;1900-01-01 00:00:00.000000;9999-09-09 23:59:59.999999;07.06.2022 05:42;07.06.2022;09.09.9999;2022-06-07 00:00:00.000000;9999-09-09 23:59:59.999999;0;100;idmref_cosma_200_07_tx_flight_seg;242;NULL;NULL
18777753;228162;9032;1858;1900-01-01 00:00:00.000000;9999-09-09 23:59:59.999999;06.06.2022 18:32;06.06.2022;09.09.9999;2022-06-06 00:00:00.000000;9999-09-09 23:59:59.999999;0;100;idmref_cosma_200_07_tx_flight_seg;240;NULL;NULL
18777772;156656;6743;1647;1900-01-01 00:00:00.000000;9999-09-09 23:59:59.999999;07.06.2022 05:42;07.06.2022;09.09.9999;2022-06-07 00:00:00.000000;9999-09-09 23:59:59.999999;0;100;idmref_cosma_200_07_tx_flight_seg;242;NULL;NULL
18777788;43176;10689;10893;1900-01-01 00:00:00.000000;9999-09-09 23:59:59.999999;06.06.2022 18:32;06.06.2022;09.09.9999;2022-06-06 00:00:00.000000;9999-09-09 23:59:59.999999;0;100;idmref_cosma_200_07_tx_flight_seg;240;NULL;NULL
18777813;232692;2384;10949;1900-01-01 00:00:00.000000;9999-09-09 23:59:59.999999;07.06.2022 05:42;07.06.2022;09.09.9999;2022-06-07 00:00:00.000000;9999-09-09 23:59:59.999999;0;100;idmref_cosma_200_07_tx_flight_seg;242;NULL;NULL
18777848;385686;6743;4661;1900-01-01 00:00:00.000000;9999-09-09 23:59:59.999999;07.06.2022 05:42;07.06.2022;09.09.9999;2022-06-07 00:00:00.000000;9999-09-09 23:59:59.999999;0;100;idmref_cosma_200_07_tx_flight_seg;242;NULL;NULL
18777873;11553;997;1286;1900-01-01 00:00:00.000000;9999-09-09 23:59:59.999999;07.06.2022 05:42;07.06.2022;09.09.9999;2022-06-07 00:00:00.000000;9999-09-09 23:59:59.999999;0;100;idmref_cosma_200_07_tx_flight_seg;242;NULL;NULL
18777974;2986;5521;8401;1900-01-01 00:00:00.000000;9999-09-09 23:59:59.999999;06.06.2022 18:32;06.06.2022;09.09.9999;2022-06-06 00:00:00.000000;9999-09-09 23:59:59.999999;0;100;idmref_cosma_200_07_tx_flight_seg;240;NULL;NULL
18778003;227507;6247;888;1900-01-01 00:00:00.000000;9999-09-09 23:59:59.999999;06.06.2022 18:32;06.06.2022;09.09.9999;2022-06-06 00:00:00.000000;9999-09-09 23:59:59.999999;0;100;idmref_cosma_200_07_tx_flight_seg;240;NULL;NULL
18778007;228006;2384;8396;1900-01-01 00:00:00.000000;9999-09-09 23:59:59.999999;06.06.2022 18:32;06.06.2022;09.09.9999;2022-06-06 00:00:00.000000;9999-09-09 23:59:59.999999;0;100;idmref_cosma_200_07_tx_flight_seg;240;NULL;NULL
18778034;862697;4322;2083;1900-01-01 00:00:00.000000;9999-09-09 23:59:59.999999;06.06.2022 18:32;06.06.2022;09.09.9999;2022-06-06 00:00:00.000000;9999-09-09 23:59:59.999999;0;100;idmref_cosma_200_07_tx_flight_seg;240;NULL;NULL
18778063;48953;10949;5521;1900-01-01 00:00:00.000000;9999-09-09 23:59:59.999999;07.06.2022 05:42;07.06.2022;09.09.9999;2022-06-07 00:00:00.000000;9999-09-09 23:59:59.999999;0;100;idmref_cosma_200_07_tx_flight_seg;242;NULL;NULL
18778067;8651;2934;9494;1900-01-01 00:00:00.000000;9999-09-09 23:59:59.999999;06.06.2022 18:32;06.06.2022;09.09.9999;2022-06-06 00:00:00.000000;9999-09-09 23:59:59.999999;0;100;idmref_cosma_200_07_tx_flight_seg;240;NULL;NULL
18778077;3091;5521;5985;1900-01-01 00:00:00.000000;9999-09-09 23:59:59.999999;07.06.2022 05:42;07.06.2022;09.09.9999;2022-06-07 00:00:00.000000;9999-09-09 23:59:59.999999;0;100;idmref_cosma_200_07_tx_flight_seg;242;NULL;NULL
18778094;3293;5521;5985;1900-01-01 00:00:00.000000;9999-09-09 23:59:59.999999;07.06.2022 05:42;07.06.2022;09.09.9999;2022-06-07 00:00:00.000000;9999-09-09 23:59:59.999999;0;100;idmref_cosma_200_07_tx_flight_seg;242;NULL;NULL
18778127;219294;8401;985;1900-01-01 00:00:00.000000;9999-09-09 23:59:59.999999;06.06.2022 18:32;06.06.2022;09.09.9999;2022-06-06 00:00:00.000000;9999-09-09 23:59:59.999999;0;100;idmref_cosma_200_07_tx_flight_seg;240;NULL;NULL
18778143;156659;8401;5286;1900-01-01 00:00:00.000000;9999-09-09 23:59:59.999999;06.06.2022 18:32;06.06.2022;09.09.9999;2022-06-06 00:00:00.000000;9999-09-09 23:59:59.999999;0;100;idmref_cosma_200_07_tx_flight_seg;240;NULL;NULL
18778154;10992;9410;1062;1900-01-01 00:00:00.000000;9999-09-09 23:59:59.999999;07.06.2022 05:42;07.06.2022;09.09.9999;2022-06-07 00:00:00.000000;9999-09-09 23:59:59.999999;0;100;idmref_cosma_200_07_tx_flight_seg;242;NULL;NULL
18778187;452648;11364;9410;1900-01-01 00:00:00.000000;9999-09-09 23:59:59.999999;06.06.2022 18:32;06.06.2022;09.09.9999;2022-06-06 00:00:00.000000;9999-09-09 23:59:59.999999;0;100;idmref_cosma_200_07_tx_flight_seg;240;NULL;NULL
18778228;226134;6247;888;1900-01-01 00:00:00.000000;9999-09-09 23:59:59.999999;06.06.2022 18:32;06.06.2022;09.09.9999;2022-06-06 00:00:00.000000;9999-09-09 23:59:59.999999;0;100;idmref_cosma_200_07_tx_flight_seg;240;NULL;NULL
18778235;219310;5521;8401;1900-01-01 00:00:00.000000;9999-09-09 23:59:59.999999;06.06.2022 18:32;06.06.2022;09.09.9999;2022-06-06 00:00:00.000000;9999-09-09 23:59:59.999999;0;100;idmref_cosma_200_07_tx_flight_seg;240;NULL;NULL
18778241;47549;10753;10953;1900-01-01 00:00:00.000000;9999-09-09 23:59:59.999999;06.06.2022 18:32;06.06.2022;09.09.9999;2022-06-06 00:00:00.000000;9999-09-09 23:59:59.999999;0;100;idmref_cosma_200_07_tx_flight_seg;240;NULL;NULL
18778247;264998;5985;621;1900-01-01 00:00:00.000000;9999-09-09 23:59:59.999999;07.06.2022 05:42;07.06.2022;09.09.9999;2022-06-07 00:00:00.000000;9999-09-09 23:59:59.999999;0;100;idmref_cosma_200_07_tx_flight_seg;242;NULL;NULL
18778275;111790;5521;8401;1900-01-01 00:00:00.000000;9999-09-09 23:59:59.999999;06.06.2022 18:32;06.06.2022;09.09.9999;2022-06-06 00:00:00.000000;9999-09-09 23:59:59.999999;0;100;idmref_cosma_200_07_tx_flight_seg;240;NULL;NULL
18778288;161637;4784;4325;1900-01-01 00:00:00.000000;9999-09-09 23:59:59.999999;06.06.2022 18:32;06.06.2022;09.09.9999;2022-06-06 00:00:00.000000;9999-09-09 23:59:59.999999;0;100;idmref_cosma_200_07_tx_flight_seg;240;NULL;NULL
18778295;161637;5521;4784;1900-01-01 00:00:00.000000;9999-09-09 23:59:59.999999;06.06.2022 18:32;06.06.2022;09.09.9999;2022-06-06 00:00:00.000000;9999-09-09 23:59:59.999999;0;100;idmref_cosma_200_07_tx_flight_seg;240;NULL;NULL
18778335;256577;11364;11364;1900-01-01 00:00:00.000000;9999-09-09 23:59:59.999999;06.06.2022 18:32;06.06.2022;09.09.9999;2022-06-06 00:00:00.000000;9999-09-09 23:59:59.999999;0;100;idmref_cosma_200_07_tx_flight_seg;240;NULL;NULL
18778348;8625;5521;8401;1900-01-01 00:00:00.000000;9999-09-09 23:59:59.999999;06.06.2022 18:32;06.06.2022;09.09.9999;2022-06-06 00:00:00.000000;9999-09-09 23:59:59.999999;0;100;idmref_cosma_200_07_tx_flight_seg;240;NULL;NULL
18778351;375268;10916;10953;1900-01-01 00:00:00.000000;9999-09-09 23:59:59.999999;06.06.2022 18:32;06.06.2022;09.09.9999;2022-06-06 00:00:00.000000;9999-09-09 23:59:59.999999;0;100;idmref_cosma_200_07_tx_flight_seg;240;NULL;NULL
18778355;892097;2083;8830;1900-01-01 00:00:00.000000;9999-09-09 23:59:59.999999;06.06.2022 18:32;06.06.2022;09.09.9999;2022-06-06 00:00:00.000000;9999-09-09 23:59:59.999999;0;100;idmref_cosma_200_07_tx_flight_seg;240;NULL;NULL
18778395;227784;2926;2384;1900-01-01 00:00:00.000000;9999-09-09 23:59:59.999999;06.06.2022 18:32;06.06.2022;09.09.9999;2022-06-06 00:00:00.000000;9999-09-09 23:59:59.999999;0;100;idmref_cosma_200_07_tx_flight_seg;240;NULL;NULL
18778411;5153;2739;6813;1900-01-01 00:00:00.000000;9999-09-09 23:59:59.999999;06.06.2022 18:32;06.06.2022;09.09.9999;2022-06-06 00:00:00.000000;9999-09-09 23:59:59.999999;0;100;idmref_cosma_200_07_tx_flight_seg;240;NULL;NULL
18778415;141398;3624;3023;1900-01-01 00:00:00.000000;9999-09-09 23:59:59.999999;06.06.2022 18:32;06.06.2022;09.09.9999;2022-06-06 00:00:00.000000;9999-09-09 23:59:59.999999;0;100;idmref_cosma_200_07_tx_flight_seg;240;NULL;NULL
18778449;383677;9410;6743;1900-01-01 00:00:00.000000;9999-09-09 23:59:59.999999;07.06.2022 05:42;07.06.2022;09.09.9999;2022-06-07 00:00:00.000000;9999-09-09 23:59:59.999999;0;100;idmref_cosma_200_07_tx_flight_seg;242;NULL;NULL
18778471;2627;2443;5612;1900-01-01 00:00:00.000000;9999-09-09 23:59:59.999999;06.06.2022 18:32;06.06.2022;09.09.9999;2022-06-06 00:00:00.000000;9999-09-09 23:59:59.999999;0;100;idmref_cosma_200_07_tx_flight_seg;240;NULL;NULL
18778475;219294;5521;8401;1900-01-01 00:00:00.000000;9999-09-09 23:59:59.999999;06.06.2022 18:32;06.06.2022;09.09.9999;2022-06-06 00:00:00.000000;9999-09-09 23:59:59.999999;0;100;idmref_cosma_200_07_tx_flight_seg;240;NULL;NULL
18778531;383677;6743;4661;1900-01-01 00:00:00.000000;9999-09-09 23:59:59.999999;07.06.2022 05:42;07.06.2022;09.09.9999;2022-06-07 00:00:00.000000;9999-09-09 23:59:59.999999;0;100;idmref_cosma_200_07_tx_flight_seg;242;NULL;NULL
18778591;496398;5985;677;1900-01-01 00:00:00.000000;9999-09-09 23:59:59.999999;07.06.2022 05:42;07.06.2022;09.09.9999;2022-06-07 00:00:00.000000;9999-09-09 23:59:59.999999;0;100;idmref_cosma_200_07_tx_flight_seg;242;NULL;NULL
18778769;42260;5209;10953;1900-01-01 00:00:00.000000;9999-09-09 23:59:59.999999;06.06.2022 18:32;06.06.2022;09.09.9999;2022-06-06 00:00:00.000000;9999-09-09 23:59:59.999999;0;100;idmref_cosma_200_07_tx_flight_seg;240;NULL;NULL
18778822;5156;6813;2739;1900-01-01 00:00:00.000000;9999-09-09 23:59:59.999999;06.06.2022 18:32;06.06.2022;09.09.9999;2022-06-06 00:00:00.000000;9999-09-09 23:59:59.999999;0;100;idmref_cosma_200_07_tx_flight_seg;240;NULL;NULL
18778829;5966;8401;5286;1900-01-01 00:00:00.000000;9999-09-09 23:59:59.999999;06.06.2022 18:32;06.06.2022;09.09.9999;2022-06-06 00:00:00.000000;9999-09-09 23:59:59.999999;0;100;idmref_cosma_200_07_tx_flight_seg;240;NULL;NULL
18778862;141398;2568;3624;1900-01-01 00:00:00.000000;9999-09-09 23:59:59.999999;06.06.2022 18:32;06.06.2022;09.09.9999;2022-06-06 00:00:00.000000;9999-09-09 23:59:59.999999;0;100;idmref_cosma_200_07_tx_flight_seg;240;NULL;NULL
18778892;409231;10779;10873;1900-01-01 00:00:00.000000;9999-09-09 23:59:59.999999;06.06.2022 18:32;06.06.2022;09.09.9999;2022-06-06 00:00:00.000000;9999-09-09 23:59:59.999999;0;100;idmref_cosma_200_07_tx_flight_seg;240;NULL;NULL
18778922;526983;5521;5985;1900-01-01 00:00:00.000000;9999-09-09 23:59:59.999999;07.06.2022 05:42;07.06.2022;09.09.9999;2022-06-07 00:00:00.000000;9999-09-09 23:59:59.999999;0;100;idmref_cosma_200_07_tx_flight_seg;242;NULL;NULL
18778952;82232;4784;7685;1900-01-01 00:00:00.000000;9999-09-09 23:59:59.999999;06.06.2022 18:32;06.06.2022;09.09.9999;2022-06-06 00:00:00.000000;9999-09-09 23:59:59.999999;0;100;idmref_cosma_200_07_tx_flight_seg;240;NULL;NULL
18779012;13530;1001;35;1900-01-01 00:00:00.000000;9999-09-09 23:59:59.999999;06.06.2022 18:32;06.06.2022;09.09.9999;2022-06-06 00:00:00.000000;9999-09-09 23:59:59.999999;0;100;idmref_cosma_200_07_tx_flight_seg;240;NULL;NULL
18779072;6016;1062;3054;1900-01-01 00:00:00.000000;9999-09-09 23:59:59.999999;07.06.2022 05:42;07.06.2022;09.09.9999;2022-06-07 00:00:00.000000;9999-09-09 23:59:59.999999;0;100;idmref_cosma_200_07_tx_flight_seg;242;NULL;NULL
18779273;42684;10953;10916;1900-01-01 00:00:00.000000;9999-09-09 23:59:59.999999;06.06.2022 18:32;06.06.2022;09.09.9999;2022-06-06 00:00:00.000000;9999-09-09 23:59:59.999999;0;100;idmref_cosma_200_07_tx_flight_seg;240;NULL;NULL
18779301;232692;10949;5521;1900-01-01 00:00:00.000000;9999-09-09 23:59:59.999999;07.06.2022 05:42;07.06.2022;09.09.9999;2022-06-07 00:00:00.000000;9999-09-09 23:59:59.999999;0;100;idmref_cosma_200_07_tx_flight_seg;242;NULL;NULL
18779333;993511;11364;6642;1900-01-01 00:00:00.000000;9999-09-09 23:59:59.999999;06.06.2022 18:32;06.06.2022;09.09.9999;2022-06-06 00:00:00.000000;9999-09-09 23:59:59.999999;0;100;idmref_cosma_200_07_tx_flight_seg;240;NULL;NULL
18779451;517883;2083;1363;1900-01-01 00:00:00.000000;9999-09-09 23:59:59.999999;06.06.2022 18:32;06.06.2022;09.09.9999;2022-06-06 00:00:00.000000;9999-09-09 23:59:59.999999;0;100;idmref_cosma_200_07_tx_flight_seg;240;NULL;NULL
18779487;48953;2384;10949;1900-01-01 00:00:00.000000;9999-09-09 23:59:59.999999;07.06.2022 05:42;07.06.2022;09.09.9999;2022-06-07 00:00:00.000000;9999-09-09 23:59:59.999999;0;100;idmref_cosma_200_07_tx_flight_seg;242;NULL;NULL
18779511;430287;2083;1363;1900-01-01 00:00:00.000000;9999-09-09 23:59:59.999999;06.06.2022 18:32;06.06.2022;09.09.9999;2022-06-06 00:00:00.000000;9999-09-09 23:59:59.999999;0;100;idmref_cosma_200_07_tx_flight_seg;240;NULL;NULL
18779545;994132;11364;8693;1900-01-01 00:00:00.000000;9999-09-09 23:59:59.999999;06.06.2022 18:32;06.06.2022;09.09.9999;2022-06-06 00:00:00.000000;9999-09-09 23:59:59.999999;0;100;idmref_cosma_200_07_tx_flight_seg;240;NULL;NULL
18779547;540602;4784;2437;1900-01-01 00:00:00.000000;9999-09-09 23:59:59.999999;07.06.2022 05:42;07.06.2022;09.09.9999;2022-06-07 00:00:00.000000;9999-09-09 23:59:59.999999;0;100;idmref_cosma_200_07_tx_flight_seg;242;NULL;NULL
18779571;9887;4784;4325;1900-01-01 00:00:00.000000;9999-09-09 23:59:59.999999;06.06.2022 18:32;06.06.2022;09.09.9999;2022-06-06 00:00:00.000000;9999-09-09 23:59:59.999999;0;100;idmref_cosma_200_07_tx_flight_seg;240;NULL;NULL
18779605;2484;9361;8301;1900-01-01 00:00:00.000000;9999-09-09 23:59:59.999999;07.06.2022 05:42;07.06.2022;09.09.9999;2022-06-07 00:00:00.000000;9999-09-09 23:59:59.999999;0;100;idmref_cosma_200_07_tx_flight_seg;242;NULL;NULL
18779607;11570;9410;6743;1900-01-01 00:00:00.000000;9999-09-09 23:59:59.999999;07.06.2022 05:42;07.06.2022;09.09.9999;2022-06-07 00:00:00.000000;9999-09-09 23:59:59.999999;0;100;idmref_cosma_200_07_tx_flight_seg;242;NULL;NULL
18779631;794447;11364;1286;1900-01-01 00:00:00.000000;9999-09-09 23:59:59.999999;06.06.2022 18:32;06.06.2022;09.09.9999;2022-06-06 00:00:00.000000;9999-09-09 23:59:59.999999;0;100;idmref_cosma_200_07_tx_flight_seg;240;NULL;NULL
18779665;933157;3546;5521;1900-01-01 00:00:00.000000;9999-09-09 23:59:59.999999;07.06.2022 05:42;07.06.2022;09.09.9999;2022-06-07 00:00:00.000000;9999-09-09 23:59:59.999999;0;100;idmref_cosma_200_07_tx_flight_seg;242;NULL;NULL
18779691;463475;8141;4683;1900-01-01 00:00:00.000000;9999-09-09 23:59:59.999999;06.06.2022 18:32;06.06.2022;09.09.9999;2022-06-06 00:00:00.000000;9999-09-09 23:59:59.999999;0;100;idmref_cosma_200_07_tx_flight_seg;240;NULL;NULL
18779695;47747;10893;10931;1900-01-01 00:00:00.000000;9999-09-09 23:59:59.999999;06.06.2022 18:32;06.06.2022;09.09.9999;2022-06-06 00:00:00.000000;9999-09-09 23:59:59.999999;0;100;idmref_cosma_200_07_tx_flight_seg;240;NULL;NULL
18779725;10936;6743;5521;1900-01-01 00:00:00.000000;9999-09-09 23:59:59.999999;07.06.2022 05:42;07.06.2022;09.09.9999;2022-06-07 00:00:00.000000;9999-09-09 23:59:59.999999;0;100;idmref_cosma_200_07_tx_flight_seg;242;NULL;NULL
18779751;2677;5521;6743;1900-01-01 00:00:00.000000;9999-09-09 23:59:59.999999;07.06.2022 05:42;07.06.2022;09.09.9999;2022-06-07 00:00:00.000000;9999-09-09 23:59:59.999999;0;100;idmref_cosma_200_07_tx_flight_seg;242;NULL;NULL
18779755;526983;5985;282;1900-01-01 00:00:00.000000;9999-09-09 23:59:59.999999;07.06.2022 05:42;07.06.2022;09.09.9999;2022-06-07 00:00:00.000000;9999-09-09 23:59:59.999999;0;100;idmref_cosma_200_07_tx_flight_seg;242;NULL;NULL
18779798;572652;677;677;1900-01-01 00:00:00.000000;9999-09-09 23:59:59.999999;06.06.2022 18:32;06.06.2022;09.09.9999;2022-06-06 00:00:00.000000;9999-09-09 23:59:59.999999;0;100;idmref_cosma_200_07_tx_flight_seg;240;NULL;NULL
18779858;227735;7915;3403;1900-01-01 00:00:00.000000;9999-09-09 23:59:59.999999;06.06.2022 18:32;06.06.2022;09.09.9999;2022-06-06 00:00:00.000000;9999-09-09 23:59:59.999999;0;100;idmref_cosma_200_07_tx_flight_seg;240;NULL;NULL
18779918;2627;5521;2443;1900-01-01 00:00:00.000000;9999-09-09 23:59:59.999999;06.06.2022 18:32;06.06.2022;09.09.9999;2022-06-06 00:00:00.000000;9999-09-09 23:59:59.999999;0;100;idmref_cosma_200_07_tx_flight_seg;240;NULL;NULL
18779978;47823;10873;10901;1900-01-01 00:00:00.000000;9999-09-09 23:59:59.999999;06.06.2022 18:32;06.06.2022;09.09.9999;2022-06-06 00:00:00.000000;9999-09-09 23:59:59.999999;0;100;idmref_cosma_200_07_tx_flight_seg;240;NULL;NULL
18780076;311425;4511;6247;1900-01-01 00:00:00.000000;9999-09-09 23:59:59.999999;06.06.2022 18:32;06.06.2022;09.09.9999;2022-06-06 00:00:00.000000;9999-09-09 23:59:59.999999;0;100;idmref_cosma_200_07_tx_flight_seg;240;NULL;NULL
18780136;791042;8401;2083;1900-01-01 00:00:00.000000;9999-09-09 23:59:59.999999;06.06.2022 18:32;06.06.2022;09.09.9999;2022-06-06 00:00:00.000000;9999-09-09 23:59:59.999999;0;100;idmref_cosma_200_07_tx_flight_seg;240;NULL;NULL
18780326;783628;11364;2995;1900-01-01 00:00:00.000000;9999-09-09 23:59:59.999999;06.06.2022 18:32;06.06.2022;09.09.9999;2022-06-06 00:00:00.000000;9999-09-09 23:59:59.999999;0;100;idmref_cosma_200_07_tx_flight_seg;240;NULL;NULL
18780386;48848;5521;2083;1900-01-01 00:00:00.000000;9999-09-09 23:59:59.999999;06.06.2022 18:32;06.06.2022;09.09.9999;2022-06-06 00:00:00.000000;9999-09-09 23:59:59.999999;0;100;idmref_cosma_200_07_tx_flight_seg;240;NULL;NULL
18780446;29390;5985;621;1900-01-01 00:00:00.000000;9999-09-09 23:59:59.999999;07.06.2022 05:42;07.06.2022;09.09.9999;2022-06-07 00:00:00.000000;9999-09-09 23:59:59.999999;0;100;idmref_cosma_200_07_tx_flight_seg;242;NULL;NULL
18780798;2986;8401;985;1900-01-01 00:00:00.000000;9999-09-09 23:59:59.999999;06.06.2022 18:32;06.06.2022;09.09.9999;2022-06-06 00:00:00.000000;9999-09-09 23:59:59.999999;0;100;idmref_cosma_200_07_tx_flight_seg;240;NULL;NULL
18781064;517845;8401;3054;1900-01-01 00:00:00.000000;9999-09-09 23:59:59.999999;06.06.2022 18:32;06.06.2022;09.09.9999;2022-06-06 00:00:00.000000;9999-09-09 23:59:59.999999;0;100;idmref_cosma_200_07_tx_flight_seg;240;NULL;NULL
18781124;457922;9410;11364;1900-01-01 00:00:00.000000;9999-09-09 23:59:59.999999;06.06.2022 18:32;06.06.2022;09.09.9999;2022-06-06 00:00:00.000000;9999-09-09 23:59:59.999999;0;100;idmref_cosma_200_07_tx_flight_seg;240;NULL;NULL
18781184;993126;8693;11364;1900-01-01 00:00:00.000000;9999-09-09 23:59:59.999999;06.06.2022 18:32;06.06.2022;09.09.9999;2022-06-06 00:00:00.000000;9999-09-09 23:59:59.999999;0;100;idmref_cosma_200_07_tx_flight_seg;240;NULL;NULL
18781210;2484;5521;9361;1900-01-01 00:00:00.000000;9999-09-09 23:59:59.999999;07.06.2022 05:42;07.06.2022;09.09.9999;2022-06-07 00:00:00.000000;9999-09-09 23:59:59.999999;0;100;idmref_cosma_200_07_tx_flight_seg;242;NULL;NULL
18781224;228350;7915;3403;1900-01-01 00:00:00.000000;9999-09-09 23:59:59.999999;06.06.2022 18:32;06.06.2022;09.09.9999;2022-06-06 00:00:00.000000;9999-09-09 23:59:59.999999;0;100;idmref_cosma_200_07_tx_flight_seg;240;NULL;NULL
18781244;3091;5985;282;1900-01-01 00:00:00.000000;9999-09-09 23:59:59.999999;07.06.2022 05:42;07.06.2022;09.09.9999;2022-06-07 00:00:00.000000;9999-09-09 23:59:59.999999;0;100;idmref_cosma_200_07_tx_flight_seg;242;NULL;NULL
18781264;111804;5521;2934;1900-01-01 00:00:00.000000;9999-09-09 23:59:59.999999;06.06.2022 18:32;06.06.2022;09.09.9999;2022-06-06 00:00:00.000000;9999-09-09 23:59:59.999999;0;100;idmref_cosma_200_07_tx_flight_seg;240;NULL;NULL
18781270;983279;5521;2568;1900-01-01 00:00:00.000000;9999-09-09 23:59:59.999999;07.06.2022 05:42;07.06.2022;09.09.9999;2022-06-07 00:00:00.000000;9999-09-09 23:59:59.999999;0;100;idmref_cosma_200_07_tx_flight_seg;242;NULL;NULL
18781279;348379;10953;10916;1900-01-01 00:00:00.000000;9999-09-09 23:59:59.999999;06.06.2022 18:32;06.06.2022;09.09.9999;2022-06-06 00:00:00.000000;9999-09-09 23:59:59.999999;0;100;idmref_cosma_200_07_tx_flight_seg;240;NULL;NULL
18781284;47753;10931;10893;1900-01-01 00:00:00.000000;9999-09-09 23:59:59.999999;06.06.2022 18:32;06.06.2022;09.09.9999;2022-06-06 00:00:00.000000;9999-09-09 23:59:59.999999;0;100;idmref_cosma_200_07_tx_flight_seg;240;NULL;NULL
18781304;540602;5521;4784;1900-01-01 00:00:00.000000;9999-09-09 23:59:59.999999;07.06.2022 05:42;07.06.2022;09.09.9999;2022-06-07 00:00:00.000000;9999-09-09 23:59:59.999999;0;100;idmref_cosma_200_07_tx_flight_seg;242;NULL;NULL
18781339;463475;4683;11364;1900-01-01 00:00:00.000000;9999-09-09 23:59:59.999999;06.06.2022 18:32;06.06.2022;09.09.9999;2022-06-06 00:00:00.000000;9999-09-09 23:59:59.999999;0;100;idmref_cosma_200_07_tx_flight_seg;240;NULL;NULL
18781344;8651;5521;2934;1900-01-01 00:00:00.000000;9999-09-09 23:59:59.999999;06.06.2022 18:32;06.06.2022;09.09.9999;2022-06-06 00:00:00.000000;9999-09-09 23:59:59.999999;0;100;idmref_cosma_200_07_tx_flight_seg;240;NULL;NULL
18781404;2390;4784;4325;1900-01-01 00:00:00.000000;9999-09-09 23:59:59.999999;06.06.2022 18:32;06.06.2022;09.09.9999;2022-06-06 00:00:00.000000;9999-09-09 23:59:59.999999;0;100;idmref_cosma_200_07_tx_flight_seg;240;NULL;NULL
18781665;899013;2568;3235;1900-01-01 00:00:00.000000;9999-09-09 23:59:59.999999;06.06.2022 18:32;06.06.2022;09.09.9999;2022-06-06 00:00:00.000000;9999-09-09 23:59:59.999999;0;100;idmref_cosma_200_07_tx_flight_seg;240;NULL;NULL
18781725;2677;6743;1647;1900-01-01 00:00:00.000000;9999-09-09 23:59:59.999999;07.06.2022 05:42;07.06.2022;09.09.9999;2022-06-07 00:00:00.000000;9999-09-09 23:59:59.999999;0;100;idmref_cosma_200_07_tx_flight_seg;242;NULL;NULL
18781968;219310;8401;2083;1900-01-01 00:00:00.000000;9999-09-09 23:59:59.999999;06.06.2022 18:32;06.06.2022;09.09.9999;2022-06-06 00:00:00.000000;9999-09-09 23:59:59.999999;0;100;idmref_cosma_200_07_tx_flight_seg;240;NULL;NULL
18782028;11553;9410;997;1900-01-01 00:00:00.000000;9999-09-09 23:59:59.999999;07.06.2022 05:42;07.06.2022;09.09.9999;2022-06-07 00:00:00.000000;9999-09-09 23:59:59.999999;0;100;idmref_cosma_200_07_tx_flight_seg;242;NULL;NULL
18782088;485347;852;3909;1900-01-01 00:00:00.000000;9999-09-09 23:59:59.999999;07.06.2022 05:42;07.06.2022;09.09.9999;2022-06-07 00:00:00.000000;9999-09-09 23:59:59.999999;0;100;idmref_cosma_200_07_tx_flight_seg;242;NULL;NULL
18782266;29390;5521;5985;1900-01-01 00:00:00.000000;9999-09-09 23:59:59.999999;07.06.2022 05:42;07.06.2022;09.09.9999;2022-06-07 00:00:00.000000;9999-09-09 23:59:59.999999;0;100;idmref_cosma_200_07_tx_flight_seg;242;NULL;NULL
18782279;964953;2616;2568;1900-01-01 00:00:00.000000;9999-09-09 23:59:59.999999;06.06.2022 18:32;06.06.2022;09.09.9999;2022-06-06 00:00:00.000000;9999-09-09 23:59:59.999999;0;100;idmref_cosma_200_07_tx_flight_seg;240;NULL;NULL
18782320;9887;5521;4784;1900-01-01 00:00:00.000000;9999-09-09 23:59:59.999999;06.06.2022 18:32;06.06.2022;09.09.9999;2022-06-06 00:00:00.000000;9999-09-09 23:59:59.999999;0;100;idmref_cosma_200_07_tx_flight_seg;240;NULL;NULL
18782326;181557;9361;8301;1900-01-01 00:00:00.000000;9999-09-09 23:59:59.999999;07.06.2022 05:42;07.06.2022;09.09.9999;2022-06-07 00:00:00.000000;9999-09-09 23:59:59.999999;0;100;idmref_cosma_200_07_tx_flight_seg;242;NULL;NULL
18782339;6016;9410;1062;1900-01-01 00:00:00.000000;9999-09-09 23:59:59.999999;07.06.2022 05:42;07.06.2022;09.09.9999;2022-06-07 00:00:00.000000;9999-09-09 23:59:59.999999;0;100;idmref_cosma_200_07_tx_flight_seg;242;NULL;NULL
18782380;4431;10949;5521;1900-01-01 00:00:00.000000;9999-09-09 23:59:59.999999;07.06.2022 05:42;07.06.2022;09.09.9999;2022-06-07 00:00:00.000000;9999-09-09 23:59:59.999999;0;100;idmref_cosma_200_07_tx_flight_seg;242;NULL;NULL
18782399;10992;1062;3054;1900-01-01 00:00:00.000000;9999-09-09 23:59:59.999999;07.06.2022 05:42;07.06.2022;09.09.9999;2022-06-07 00:00:00.000000;9999-09-09 23:59:59.999999;0;100;idmref_cosma_200_07_tx_flight_seg;242;NULL;NULL
18782440;4431;2384;10949;1900-01-01 00:00:00.000000;9999-09-09 23:59:59.999999;07.06.2022 05:42;07.06.2022;09.09.9999;2022-06-07 00:00:00.000000;9999-09-09 23:59:59.999999;0;100;idmref_cosma_200_07_tx_flight_seg;242;NULL;NULL
18782900;671006;8401;1363;1900-01-01 00:00:00.000000;9999-09-09 23:59:59.999999;06.06.2022 18:32;06.06.2022;09.09.9999;2022-06-06 00:00:00.000000;9999-09-09 23:59:59.999999;0;100;idmref_cosma_200_07_tx_flight_seg;240;NULL;NULL
18783109;462279;4784;7685;1900-01-01 00:00:00.000000;9999-09-09 23:59:59.999999;06.06.2022 18:32;06.06.2022;09.09.9999;2022-06-06 00:00:00.000000;9999-09-09 23:59:59.999999;0;100;idmref_cosma_200_07_tx_flight_seg;240;NULL;NULL
18783169;297591;6247;8210;1900-01-01 00:00:00.000000;9999-09-09 23:59:59.999999;06.06.2022 18:32;06.06.2022;09.09.9999;2022-06-06 00:00:00.000000;9999-09-09 23:59:59.999999;0;100;idmref_cosma_200_07_tx_flight_seg;240;NULL;NULL
18783229;227532;2384;2926;1900-01-01 00:00:00.000000;9999-09-09 23:59:59.999999;06.06.2022 18:32;06.06.2022;09.09.9999;2022-06-06 00:00:00.000000;9999-09-09 23:59:59.999999;0;100;idmref_cosma_200_07_tx_flight_seg;240;NULL;NULL
18783289;5771;3624;3023;1900-01-01 00:00:00.000000;9999-09-09 23:59:59.999999;06.06.2022 18:32;06.06.2022;09.09.9999;2022-06-06 00:00:00.000000;9999-09-09 23:59:59.999999;0;100;idmref_cosma_200_07_tx_flight_seg;240;NULL;NULL
18783349;10936;9410;6743;1900-01-01 00:00:00.000000;9999-09-09 23:59:59.999999;07.06.2022 05:42;07.06.2022;09.09.9999;2022-06-07 00:00:00.000000;9999-09-09 23:59:59.999999;0;100;idmref_cosma_200_07_tx_flight_seg;242;NULL;NULL
18784198;228370;3403;7915;1900-01-01 00:00:00.000000;9999-09-09 23:59:59.999999;06.06.2022 18:32;06.06.2022;09.09.9999;2022-06-06 00:00:00.000000;9999-09-09 23:59:59.999999;0;100;idmref_cosma_200_07_tx_flight_seg;240;NULL;NULL
18784258;161637;5985;4325;1900-01-01 00:00:00.000000;9999-09-09 23:59:59.999999;07.06.2022 05:42;07.06.2022;09.09.9999;2022-06-07 00:00:00.000000;9999-09-09 23:59:59.999999;0;100;idmref_cosma_200_07_tx_flight_seg;242;NULL;NULL
18784302;5966;5521;8401;1900-01-01 00:00:00.000000;9999-09-09 23:59:59.999999;06.06.2022 18:32;06.06.2022;09.09.9999;2022-06-06 00:00:00.000000;9999-09-09 23:59:59.999999;0;100;idmref_cosma_200_07_tx_flight_seg;240;NULL;NULL
18784362;232324;2568;3624;1900-01-01 00:00:00.000000;9999-09-09 23:59:59.999999;06.06.2022 18:32;06.06.2022;09.09.9999;2022-06-06 00:00:00.000000;9999-09-09 23:59:59.999999;0;100;idmref_cosma_200_07_tx_flight_seg;240;NULL;NULL
18784422;417425;4683;11364;1900-01-01 00:00:00.000000;9999-09-09 23:59:59.999999;06.06.2022 18:32;06.06.2022;09.09.9999;2022-06-06 00:00:00.000000;9999-09-09 23:59:59.999999;0;100;idmref_cosma_200_07_tx_flight_seg;240;NULL;NULL
18786072;10676;8141;4683;1900-01-01 00:00:00.000000;9999-09-09 23:59:59.999999;06.06.2022 18:32;06.06.2022;09.09.9999;2022-06-06 00:00:00.000000;9999-09-09 23:59:59.999999;0;100;idmref_cosma_200_07_tx_flight_seg;240;NULL;NULL
18786132;591495;2083;6637;1900-01-01 00:00:00.000000;9999-09-09 23:59:59.999999;07.06.2022 05:42;07.06.2022;09.09.9999;2022-06-07 00:00:00.000000;9999-09-09 23:59:59.999999;0;100;idmref_cosma_200_07_tx_flight_seg;242;NULL;NULL
18786192;4744;5548;415;1900-01-01 00:00:00.000000;9999-09-09 23:59:59.999999;07.06.2022 05:42;07.06.2022;09.09.9999;2022-06-07 00:00:00.000000;9999-09-09 23:59:59.999999;0;100;idmref_cosma_200_07_tx_flight_seg;242;NULL;NULL
18786301;8625;8401;2512;1900-01-01 00:00:00.000000;9999-09-09 23:59:59.999999;06.06.2022 18:32;06.06.2022;09.09.9999;2022-06-06 00:00:00.000000;9999-09-09 23:59:59.999999;0;100;idmref_cosma_200_07_tx_flight_seg;240;NULL;NULL
18786361;722283;8401;6750;1900-01-01 00:00:00.000000;9999-09-09 23:59:59.999999;06.06.2022 18:32;06.06.2022;09.09.9999;2022-06-06 00:00:00.000000;9999-09-09 23:59:59.999999;0;100;idmref_cosma_200_07_tx_flight_seg;240;NULL;NULL
18786421;181557;5521;9361;1900-01-01 00:00:00.000000;9999-09-09 23:59:59.999999;07.06.2022 05:42;07.06.2022;09.09.9999;2022-06-07 00:00:00.000000;9999-09-09 23:59:59.999999;0;100;idmref_cosma_200_07_tx_flight_seg;242;NULL;NULL
7063208;10738;11364;11364;1900-01-01 00:00:00.000000;9999-09-09 23:59:59.999999;06.06.2022 18:32;06.06.2022;09.09.9999;2022-06-06 00:00:00.000000;9999-09-09 23:59:59.999999;0;100;idmref_cosma_200_07_tx_flight_seg;240;NULL;NULL
7301735;225634;7913;6247;1900-01-01 00:00:00.000000;9999-09-09 23:59:59.999999;06.06.2022 18:32;06.06.2022;09.09.9999;2022-06-06 00:00:00.000000;9999-09-09 23:59:59.999999;0;100;idmref_cosma_200_07_tx_flight_seg;240;NULL;NULL
flt_seg_prod_id;flt_prod_id;dest_locn_id;orig_locn_id;valid_from_tms;valid_to_tms;co_upd_tms;start_date;end_date;start_ts;end_ts;record_deleted_flag;ctl_id;process_name;process_id;update_process_name;update_process_id
